{"stats":{"minecraft:dropped":{"minecraft:redstone":1},"minecraft:picked_up":{"minecraft:repeater":5,"minecraft:redstone":50,"minecraft:dirt":40,"minecraft:black_concrete":41,"minecraft:lever":15,"minecraft:comparator":1,"minecraft:redstone_torch":23},"minecraft:used":{"minecraft:redstone_torch":389,"minecraft:sticky_piston":2,"minecraft:glass":13,"minecraft:water_bucket":2,"minecraft:trident":38,"minecraft:lever":51,"minecraft:waxed_oxidized_cut_copper_slab":1,"minecraft:end_rod":6,"minecraft:black_concrete":366,"minecraft:firework_rocket":640,"minecraft:red_wool":3,"minecraft:smooth_quartz_slab":53,"minecraft:dispenser":4,"minecraft:redstone":420,"minecraft:lime_wool":309,"minecraft:elytra":1,"minecraft:redstone_block":7,"minecraft:diamond_block":112,"minecraft:glowstone":3,"minecraft:repeater":27,"minecraft:redstone_lamp":20,"minecraft:target":17,"minecraft:comparator":7,"minecraft:emerald_block":14,"minecraft:oak_boat":1},"minecraft:custom":{"minecraft:time_since_rest":1038306,"minecraft:sprint_one_cm":3933,"minecraft:walk_one_cm":67086,"minecraft:drop":1,"minecraft:fly_one_cm":12718813,"minecraft:crouch_one_cm":965,"minecraft:play_time":1038306,"minecraft:sneak_time":16990,"minecraft:walk_under_water_one_cm":394,"minecraft:aviate_one_cm":2690085,"minecraft:jump":292,"minecraft:leave_game":1,"minecraft:walk_on_water_one_cm":823,"minecraft:time_since_death":1038306,"minecraft:total_world_time":1049713,"minecraft:inspect_dispenser":4}},"DataVersion":3700}