{"stats":{"minecraft:dropped":{"minecraft:diamond_block":1,"minecraft:redstone_torch":1},"minecraft:picked_up":{"minecraft:repeater":20,"minecraft:diamond_block":8,"minecraft:redstone":420,"minecraft:firework_rocket":9,"minecraft:oak_sign":3,"minecraft:black_concrete":54,"minecraft:lever":3,"minecraft:redstone_torch":153,"minecraft:white_wool":1},"minecraft:used":{"minecraft:redstone_torch":555,"minecraft:sticky_piston":1,"minecraft:glass":40,"minecraft:trident":92,"minecraft:lever":25,"minecraft:black_concrete":149,"minecraft:black_wool":1,"minecraft:firework_rocket":348,"minecraft:iron_block":62,"minecraft:dispenser":1,"minecraft:redstone":1282,"minecraft:brown_stained_glass":1,"minecraft:oak_sign":93,"minecraft:redstone_block":9,"minecraft:beacon":1,"minecraft:sheep_spawn_egg":1,"minecraft:yellow_wool":21,"minecraft:light_gray_wool":109,"minecraft:diamond_block":1916,"minecraft:repeater":187,"minecraft:redstone_lamp":93,"minecraft:anvil":1,"minecraft:comparator":4,"minecraft:written_book":2,"minecraft:tnt":32,"minecraft:crafting_table":4},"minecraft:custom":{"minecraft:time_since_rest":913637,"minecraft:sprint_one_cm":2993,"minecraft:damage_taken":201,"minecraft:walk_one_cm":4694,"minecraft:interact_with_anvil":1,"minecraft:drop":2,"minecraft:interact_with_beacon":2,"minecraft:interact_with_crafting_table":7,"minecraft:fly_one_cm":6012459,"minecraft:open_chest":5,"minecraft:crouch_one_cm":1393,"minecraft:play_time":913637,"minecraft:sneak_time":31239,"minecraft:walk_under_water_one_cm":64,"minecraft:aviate_one_cm":3028471,"minecraft:jump":42,"minecraft:leave_game":1,"minecraft:time_since_death":913637,"minecraft:walk_on_water_one_cm":2906,"minecraft:total_world_time":913637,"minecraft:inspect_dispenser":10},"minecraft:crafted":{"minecraft:firework_star":128,"minecraft:firework_rocket":192}},"DataVersion":3700}