{"stats":{"minecraft:dropped":{"minecraft:spruce_sign":1,"minecraft:light_blue_wool":1,"minecraft:smooth_stone_slab":1,"minecraft:oak_sign":2,"minecraft:white_wool":2,"minecraft:black_wool":1},"minecraft:picked_up":{"minecraft:repeater":12,"minecraft:light_blue_wool":1,"minecraft:lever":5,"minecraft:redstone_torch":5,"minecraft:spruce_sign":2,"minecraft:redstone":15,"minecraft:white_wool":1},"minecraft:used":{"minecraft:redstone_torch":33,"minecraft:trident":108,"minecraft:redstone_lamp":26,"minecraft:orange_stained_glass":1,"minecraft:white_wool":4,"minecraft:lever":50,"minecraft:black_wool":1,"minecraft:diamond_block":2,"minecraft:repeater":58,"minecraft:firework_rocket":1386,"minecraft:comparator":5,"minecraft:lime_wool":273,"minecraft:smooth_stone_slab":5,"minecraft:light_blue_wool":12,"minecraft:redstone":175,"minecraft:oak_sign":6,"minecraft:elytra":1,"minecraft:spruce_sign":1},"minecraft:custom":{"minecraft:time_since_rest":879453,"minecraft:crouch_one_cm":167,"minecraft:play_time":879453,"minecraft:sprint_one_cm":4995,"minecraft:walk_one_cm":46609,"minecraft:sneak_time":8426,"minecraft:walk_under_water_one_cm":3240,"minecraft:interact_with_lectern":1,"minecraft:drop":8,"minecraft:aviate_one_cm":4843756,"minecraft:jump":109,"minecraft:damage_dealt":211,"minecraft:leave_game":15,"minecraft:time_since_death":879453,"minecraft:walk_on_water_one_cm":13322,"minecraft:total_world_time":879453,"minecraft:fly_one_cm":2497034}},"DataVersion":3700}